,target,predictions
0,C7,C7
1,F6,G-7
2,A-,F-7
3,Abj7,D7
4,Gj7,G-7
5,Gb-7,G-7
6,F6,G-7
7,Gbo,G-7
8,G-7,G-
9,C7,C7
10,F6,F6
11,A-7,Am7b5
12,Abj7,D7
13,Gj7,G-7
14,Gb-7,Gm7b5
15,Fj7,Cb79b
16,Gb7,Gb7
17,Cbj7,Cbj7
18,E-7,F-7
19,A7,A7
20,Dj7,Dj7
21,Bb-7,Ab7
22,Eb7,Cb7
23,Abj7,Abj7
24,G-7,Ab-7
25,C7,C7
26,Fj7,F-7
27,Db-7,Cb-7
28,Gb7,Gb7
29,Cbj7,Fj7
30,E-7,E7
31,A7,A7
32,Dj7,Dj7
33,Db-7,D-7
34,Gb7,Gb7
35,Cbj7,Gj7
36,Db-7,F-7
37,Gb7,Gb7
38,Cbj7,Fj7
39,Db-7,E7
40,Gb7,Bb7
41,Cbj7,Cbj7
42,E-7,E7
43,A7,A7
44,Dj7,E7
45,Bb-7,G7
46,Eb7,A7
47,Abj7,Abj7
48,G-7,Ab-7
49,C7,C7
50,Fj7,F-7
51,Db-7,Cb-7
52,Gb7,Gb7
53,Cbj7,Fj7
54,E-7,E7
55,A7,A7
56,Dj7,Dj7
57,Db-7,D-7
58,Gb7,Gb7
59,Cbj7,Gj7
60,Db-7,F-7
61,Gb7,Gb7
62,Cbj7,Cb7
63,Db-7,E7
64,Gb7,Bb7
65,Cbj7,Cbj7
66,E-7,E7
67,A7,A7
68,Dj7,Dj7
69,Bb-7,G7
70,Eb7,A7
71,Abj7,Abj7
72,G-7,Ab-7
73,C7,C7
74,Fj7,F-7
75,Db-7,Cb-7
76,Gb7,Gb7
77,Cbj7,Fj7
78,E-7,E7
79,A7,A7
80,Dj7,Dj7
81,Db-7,D-7
82,Gb7,Gb7
83,Cbj7,Gj7
84,Db-7,F-7
85,Gb7,Gb7
86,Cbj7,Cb7
87,Db-7,E7
88,Gb7,Bb7
89,Cbj7,Cbj7
90,E-7,E7
91,A7,A7
92,Dj7,Dj7
93,Bb-7,C7
94,Eb7,A7
95,Abj7,Abj7
96,G-7,Ab-7
97,C7,C7
98,Fj7,F-7
99,Db-7,Cb-7
100,Gb7,Gb7
101,Cbj7,Fj7
102,E-7,E7
103,A7,A7
104,Dj7,Dj7
105,Db-7,D-7
106,Gb7,Gb7
107,Cbj7,Gj7
108,Db-7,F-7
109,Gb7,Gb7
110,Cbj7,Cb7
111,Db-7,E7
112,Gb7,Bb7
113,Cbj7,Cbj7
114,E-7,E7
115,A7,A7
116,Dj7,Dj7
117,Bb-7,C7
118,Eb7,A7
119,Abj7,Abj7
120,G-7,Ab-7
121,C7,C7
122,Fj7,F-7
123,Db-7,Cb-7
124,Gb7,Gb7
125,Cbj7,Fj7
126,E-7,E7
127,A7,A7
128,Dj7,Dj7
129,Db-7,D-7
130,Gb7,Gb7
131,Cbj7,Gj7
132,Db-7,F-7
133,Gb7,Gb7
134,Cbj7,Cb7
135,Db-7,E7
136,Gb7,Bb7
137,G7,G7
138,C-7,C-7
139,F7,F7
140,Bbj7,Bbj7
141,G7,G7
142,C-7,C-7
143,F7,F7
144,F-7,F-7
145,Bb7,Bb7
146,Ebj7,Ebj7
147,Eb-6,Eb-6
148,Bbj7,Bbj7
149,G7,G7
150,C-7,C-7
151,F7,F7
152,Bbj7,Bbj7
153,G7,G7
154,C-7,C-7
155,F7,F7
156,Bbj7,Bbj7
157,G7,G7
158,C-7,C-7
159,F7,F7
160,Bbj7,F-7
161,Bb7,Bb7
162,Ebj7,Eb7
163,Eb-6,Ab7
164,Bbj7,Bbj7
165,F7,G7
166,Cbj7,C-7
167,D7,D7
168,G7,G7
169,C7,C7
170,F7,F7
171,Bbj7,Bbj7
172,G7,G7
173,C-7,C-7
174,F7,F7
175,Bbj7,Bbj7
176,G7,G7
177,C-7,C-7
178,F7,F7
179,Bbj7,Bbj7
180,Bb7,Bb7
181,Ebj7,Eb7
182,Eb-6,Ab7
183,Bbj7,Bbj7
184,F7,G7
185,Bbj7,Bbj7
186,G7,D7
187,C-7,C-7
188,F7,F7
189,Bbj7,Bbj7
190,G7,G7
191,C-7,C-7
192,F7,F7
193,Bbj7,Bbj7
194,Bb7,Bb7
195,Ebj7,Eb7
196,Eb-6,Ab7
197,Bbj7,Bbj7
198,G7,G7
199,C-7,C-7
200,F7,F7
201,Bbj7,Bbj7
202,G7,G7
203,C-7,C-7
204,F7,F7
205,Bbj7,Bbj7
206,G7,G7
207,C-7,C-7
208,F7,F7
209,Bbj7,Bbj7
210,Bb7,Bb7
211,Ebj7,Eb7
212,Eb-6,Ab7
213,Bbj7,Bbj7
214,F7,G7
215,Bbj7,Bbj7
216,D7,D7
217,G7,G7
218,C7,C7
219,F7,F7
220,Bbj7,Bbj7
221,G7,G7
222,C-7,C-7
223,F7,F7
224,Bbj7,Bbj7
225,G7,G7
226,C-7,C-7
227,F7,F7
228,Bbj7,Bbj7
229,Bb7,Bb7
230,Ebj7,Eb7
231,Eb-6,Ab7
232,Bbj7,Bbj7
233,F7,G7
234,Bbj7,Bbj7
235,G7,D7
236,C-7,C-7
237,F7,F7
238,Db7,Db7
239,Gb7,Gb7
240,Db7,F-7
241,Gb7,C7
242,Db7,Bb-7
243,Bb7,C7
244,Eb-7,Eb7
245,Ab7,Ab7
246,Db7,Db7
247,Ab7,Gb7
248,Db7,Ab7
249,Gb7,Gb7
250,Db7,Db7
251,Gb7,C7
252,Db7,F-7
253,Bb7,E7
254,Eb-7,C-7
255,Eb7,Ab7
256,Ab7,Ab7
257,Db7,Eb-7
258,Ab7,Bb7
259,Db7,Gb7
260,Gb7,Gb7
261,Db7,Db7
262,Gb7,Gb7
263,Db7,Db7
264,Bb7,E7
265,Eb-7,Cb7
266,Eb7,Ab7
267,Ab7,Ab7
268,Db7,Eb-7
269,Ab7,Bb7
270,F7,Bb7
271,Bb7,Bb7
272,F7,F7
273,Bb7,Bb7
274,F7,F7
275,A-7,A-7
276,D7,D7
277,G-7,G-7
278,C7,C7
279,F7,F7
280,G-7,C7
281,C7,C7
282,F7,F7
283,Bb7,Bb7
284,F7,F7
285,Bb7,Bb7
286,F7,F7
287,A-7,A-7
288,D7,D7
289,G-7,G-7
290,C7,C7
291,F7,F7
292,G-7,G-7
293,C7,C7
294,F7,F7
295,Bb7,Bb7
296,F7,F7
297,Bb7,Bb7
298,F7,F7
299,A-7,A-7
300,D7,D7
301,G-7,G-7
302,C7,C7
303,F7,F7
304,G-7,D7
305,C7,C7
306,F7,F7
307,Bb7,Bb7
308,F7,F7
309,Bb7,Bb7
310,F7,F7
311,A-7,A-7
312,D7,D7
313,G-7,G-7
314,C7,C7
315,F7,F7
316,G-7,D7
317,C7,C7
318,F7,F7
319,Bb7,Bb7
320,F7,F7
321,Bb7,Bb7
322,F7,F7
323,A-7,A-7
324,D7,D7
325,G-7,G-7
326,C7,C7
327,F7,F7
328,G-7,D7
329,C7,C7
330,F7,F7
331,Bb7,Bb7
332,F7,F7
333,Bb7,Bb7
334,F7,F7
335,A-7,A-7
336,D7,D7
337,G-7,G-7
338,C7,C7
339,F7,F7
340,G-7,D7
341,C7,C7
342,F7,F7
343,Bb7,Bb7
344,F7,F7
345,Bb7,Bb7
346,F7,F7
347,A-7,A-7
348,D7,D7
349,G-7,G-7
350,C7,C7
351,F7,F7
352,G-7,D7
353,C7,C7
354,F7,F7
355,C-,Bb7
356,Ab,F-7
357,G7,G7
358,C-,C-
359,Ab,Ab
360,G7,G7
361,C-,C-
362,Ab,Ab
363,G7,G7
364,C-,C-
365,Ab,Ab
366,G7,G7
367,C-,C-
368,Ab,Ab
369,G7,G7
370,C-,C-
371,Ab,Ab
372,G7,G7
373,C-,C-
374,Ab,Ab
375,G7,G7
376,C-,C-
377,Ab,Ab
378,G7,G7
379,C7,C-
380,F7,F7
381,Bb7,Bb7
382,Eb7,Eb7
383,D-,D-
384,G7,G7
385,C-,C-
386,Ab,Ab
387,G7,G7
388,C-,C-
389,Ab,Ab
390,G7,G7
391,C-,C-
392,Ab,Ab
393,G7,G7
394,C-,C-
395,Ab,Ab
396,G7,G7
397,C-,C-
398,Ab,Ab
399,G-6,Bb7
400,Eb7,Eb7
401,D79b,D7
402,G-6,G-6
403,Eb7,Eb7
404,D79b,D7
405,G-6,G-6
406,Eb7,Eb7
407,D79b,D7
408,G-6,G-6
409,Eb7,Eb7
410,D79b,D7
411,G-6,G-6
412,Eb7,Eb7
413,D79b,D7
414,G-6,G-6
415,Eb7,Eb7
416,D79b,D7
417,G-6,G-6
418,Eb7,Eb7
419,D79b,D7
420,G-6,G-6
421,F-7,Eb7
422,Bb7,Bb7
423,Ebj7,Ebj7
424,F-7,F-7
425,G-,G-7
426,F-,F-7
427,Ebj7,Ebj7
428,F-,F-7
429,G-,G-7
430,F-,F-7
431,Ebj7,Ebj7
432,F-,F-7
433,G-,G-7
434,C7,F-7
435,F-,F-7
436,Bb7,G-7
437,A79b,Eb6
438,D79b,Bb-7
439,G-,Am7b5
440,Eb7,F-7
441,D79b,D7
442,G-,G-6
443,Eb7,Am7b5
444,D79b,D7
445,G-,G-6
446,Eb7,Am7b5
447,D79b,D7
448,G-6,G-6
449,Eb7,Eb7
450,D79b,D7
451,G-6,G-6
452,Eb7,Eb7
453,D79b,D7
454,G-6,G-6
455,Eb7,Eb7
456,D79b,D7
457,G-6,G-6
458,Eb7,Eb7
459,D79b,D7
460,G-6,G-6
461,Eb7,Eb7
462,D79b,D7
463,G-6,G-6
464,Eb7,Eb7
465,D79b,D7
466,G-6,G-6
467,Eb7,Eb7
468,D79b,D7
469,G-6,G-6
470,Eb7,Eb7
471,D79b,D7
472,G-6,G-6
473,F-7,Eb7
474,Bb7,Bb7
475,Ebj7,Ebj7
476,F-7,F-7
477,G-7,G-7
478,F-7,F-7
479,Ebj7,Ebj7
480,F-7,F-7
481,G-7,G-7
482,F-7,F-7
483,Ebj7,Ebj7
484,F-7,F-7
485,G-7,G7
486,C7,C7
487,F-7,F-7
488,Bb7,Bb7
489,A79b,Eb6
490,D79b,D+
491,G-6,Ebj7
492,Eb7,F-7
493,D79b,D7
494,G-6,G-6
495,Eb7,Eb7
496,D79b,D7
497,G-6,G-6
498,Eb7,Eb7
499,D79b,D7
500,G-6,G-6
501,Eb7,Eb7
502,D79b,D7
503,G-6,G-6
504,Eb7,Eb7
505,D79b,D7
506,G-,G-6
507,Eb7,Am7b5
508,D79b,D7
509,G-,G-6
510,Eb7,Eb7
511,D79b,D7
512,G-,G-6
513,Eb7,Eb7
514,D79b,D7
515,G-,G-6
516,Eb7,Eb7
517,D79b,D7
518,G-,G-6
519,Eb7,Eb7
520,D79b,D7
521,G-,G-6
522,Eb7,Eb7
523,D79b,D7
524,G-,G-6
525,F-,Eb7
526,Bb7,Bb7
527,Ebj7,Ebj7
528,F-7,F-7
529,G-7,G-7
530,F-7,F-7
531,Ebj7,Ebj7
532,F-7,F-7
533,G-7,G-7
534,F-7,F-7
535,Ebj7,Ebj7
536,F-7,F-7
537,G-7,G7
538,C7,C7
539,F-7,F-7
540,Bb7,Bb7
541,A79b,Eb6
542,D79b,D+
543,G-6,Ebj7
544,Eb7,F-7
545,D79b,D7
546,G-6,G-6
547,Eb7,Eb7
548,D79b,D7
549,G-6,G-6
550,Eb7,Eb7
551,D79b,D7
552,G-6,G-6
553,Eb7,Eb7
554,D79b,D7
555,C7,Bb7
556,F7,F7
557,C7,C7
558,F7,F7
559,Bb7,C7
560,Bb-7,E-7
561,Eb7,Eb7
562,Bb-7,D-7
563,Eb7,Eb7
564,Ab6,Ab6
565,Bb-7,Bb-7
566,Eb7,Eb7
567,Ab6,Ab6
568,C7,C7
569,F7,F7
570,C7,C7
571,F7,F7
572,Bb7,Bb7
573,F-7,F-7
574,C7,C7
575,F-7,F-7
576,C-7,C-7
577,F7,F7
578,Bb-7,Bb-7
579,Eb7,Eb7
580,Ab6,Ab6
581,C7,C7
582,F7,F7
583,C7,C7
584,F7,F7
585,Bb7,Bb7
586,Bb-7,Bb-7
587,Eb7,Eb7
588,Bb-7,Bb-7
589,Eb7,Eb7
590,Ab6,Ab6
591,Bb-7,Bb-7
592,Eb7,Eb7
593,Ab6,Ab6
594,C7,C7
595,F7,F7
596,C7,C7
597,F7,F7
598,Bb7,Bb7
599,F-7,Bb-7
600,C7,C7
601,F-7,F-7
602,C-7,C-7
603,F7,F7
604,Bb-7,Bb-7
605,Eb7,Eb7
606,Ab6,Ab6
607,C7,C7
608,NC,Eb7
609,Eb7,Bb7
610,Bb7,Ab7
611,Eb7,Eb7
612,Bb7,Bb7
613,G7,Eb7
614,C-7,C-
615,F7,F7
616,Bb7,Bb7
617,Eb7,Eb7
618,Bb7,Bb7
619,Eb7,Eb7
620,Bb7,Bb7
621,G7,Eb7
622,C-7,C-
623,F7,F7
624,Bb7,Bb7
625,Eb7,Eb7
626,Bb7,Bb7
627,Eb7,Eb7
628,Bb7,Bb7
629,G7,Eb7
630,C-7,C-
631,F7,F7
632,Bb7,Bb7
633,F7,Eb7
634,Bb7,Bb7
635,Eb7,Eb7
636,Bb7,Bb7
637,Eb7,Eb7
638,Bb7,Bb7
639,G7,G7
640,C-7,C-7
641,F7,F7
642,Bb7,Bb7
643,F7,F7
644,Bb7,Bb7
645,Eb7,Eb7
646,Bb7,Bb7
647,Eb7,Eb7
648,Bb7,Bb7
649,G7,G7
650,C-7,C-7
651,F7,F7
652,Bb7,Bb7
653,F7,F7
654,Bb7,Bb7
655,Eb7,Eb7
656,Bb7,Bb7
657,Eb7,Eb7
658,Bb7,Bb7
659,G7,G7
660,C-7,C-7
661,F7,F7
662,Bb7,Bb7
663,F7,F7
664,Bb7,Bb7
665,Eb7,Eb7
666,Bb7,Bb7
667,Eb7,Eb7
668,Bb7,Bb7
669,G7,G7
670,C-7,C-7
671,F7,F7
672,Bb7,Bb7
673,F7,F7
674,Bb7,Bb7
675,Eb7,Eb7
676,Bb7,Bb7
677,Eb7,Eb7
678,Bb7,Bb7
679,G7,G7
680,C-7,C-7
681,F7,F7
682,Bb7,Bb7
683,F7,F7
684,Bb7,Bb7
685,Eb7,Eb7
686,C,F-7
687,NC,G7
688,Dm7b5,C
689,Db7,G7
690,Cj7,C6
691,Dm7b5,Gm7b5
692,Ab7,G7
693,G7,Cj7
694,Cj7,C7
695,G-7,F-7
696,C7,C7
697,Fj7,Cj7
698,Cbm7b5,E-7
699,E7,E-7
700,A-7,A7
701,A-,D7
702,Gbm7b5,D7
703,Cb79b,G-7
704,Cb-7,Cb-7
705,E7,E-7
706,Em7b5,A-7
707,A79b,A7
708,Gbm7b5,D-7
709,Fo,Cb7
710,C,E-7
711,Ebo,F
712,Dm7b5,E-7
713,G7,Em7b5
714,C6,C7
715,Cbm7b5,Ab7
716,E7,E7
717,A-7,Am7b5
718,A-,D7
719,Gbm7b5,D7
720,Cb79b,G-7
721,Ej7,F7
722,D-7,A7
723,G7,D-7
724,Dm7b5,C7
725,G7,A7
726,Cj7,C7
727,Em7b5,Dbo
728,A7,A79b
729,D7,D-7
730,Dm7b5,G7
731,G7,G79b
732,C6,C7
733,Dm7b5,C7
734,G7,G7
735,Cj7,C-6
736,Dm7b5,Gm7b5
737,G7,G7
738,Cj7,C7
739,G-7,A-7
740,C7,C7
741,Fj7,Fj7
742,Cbm7b5,Em7b5
743,E7,Bb7
744,A-7,A7
745,A-,D7
746,Gbm7b5,D7
747,Cb79b,G-7
748,Cb-7,Cb-7
749,E7,E7
750,Em7b5,A-7
751,A79b,A7
752,Gbm7b5,D-7
753,Fo,Cbm7b5
754,C,E-7
755,Ebo,F
756,Dm7b5,F7
757,G7,G7
758,C6,C7
759,Cbm7b5,C7
760,E7,E7
761,A-7,Am7b5
762,A-,D7
763,Gbm7b5,D7
764,Cb79b,G-7
765,Ej7,E7
766,D-7,E7
767,G7,G7
768,Dm7b5,C7
769,G7,A7
770,Cj7,C7
771,Em7b5,Dbo
772,A7,Fj7
773,D7,D-7
774,Dm7b5,G7
775,G7,G79b
776,C6,C7
777,Db7,Bb7
778,Gb7,Gb7
779,Db7,Go
780,Gb7,Gb7
781,Db7,Db7
782,Bb7,C7
783,Eb7,F-7
784,Ab7,Ab7
785,Db7,Db7
786,Ab7,Bb7
787,Db7,Bb7
788,Gb7,Gb7
789,Db7,Db7
790,Gb7,C7
791,Db7,F-7
792,Bb7,C7
793,Eb7,Bb7
794,Ab7,Ab7
795,Db7,F7
796,Ab7,Bb7
797,Db-7,Bb7
798,Dj7,Gb7
799,Db-7,Eb-7
800,Cb7,Gb7
801,Db-7,Bb-7
802,Eb7,Bb-7
803,Ab7,Eb-7
804,Db-7,Cb7
805,Dj7,Gb7
806,Db-7,F-7
807,Cb7,Gb7
808,Db-7,G-7
809,Eb7,Cb7
810,Ab7,Eb-7
811,Db-7,Cb7
812,Gb-7,Gb7
813,Cb7,Db7
814,Ab-7,Ab-7
815,Aj7,Bb-7
816,Ab-7,F-7
817,Go,Ab7
818,Gb-7,A7
819,Cb7,Cb7
820,Ej7,Ej7
821,Aj7,A7
822,Dj7,Dj7
823,Eb-7,Gb-7
824,Ab7,Ab7
825,Db-7,Gj7
826,Dj7,Gb7
827,Db-7,A-7
828,Cb7,Gb7
829,Db-7,Gj7
830,Eb7,Gb7
831,Ab7,Eb-7
832,Db-7,E7
833,Dj7,Bb-7
834,Db-7,Eb-7
835,Cb7,Gb7
836,Db-7,F-7
837,Eb7,Cb7
838,Ab7,Eb-7
839,Db-7,Ab7
840,Dj7,Bb-7
841,Db-7,F-7
842,Cb7,Gb7
843,Db-7,Gj7
844,Eb7,Cb7
845,Ab7,Eb-7
846,Db-7,Ab7
847,Gb-7,Bb-7
848,Cb7,F-7
849,Ej7,F-7
850,Fo,Bb-7
851,Gb-7,Bb7
852,Cb7,Cb7
853,Ej7,E-7
854,A7,Ab7
855,Dj7,Dj7
856,Ab+,D-7
857,Db-7,D-7
858,Dj7,Gb7
859,Db-7,F-7
860,Cb7,Gb7
861,Db-7,E7
862,Eb7,Cb7
863,Ab7,Gj7
864,Db-7,Dbj7
865,Gbj7,Bb7
866,Abj7,G-7
867,Bbj7,Dj7
868,Gbj7,Cj7
869,Abj7,Abj7
870,Bbj7,Dbj7
871,Gbj7,Ab7
872,Abj7,Ej7
873,Bbj7,Dbj7
874,Gbj7,Bb7
875,Abj7,Dbj7
876,Bbj7,Dbj7
877,Gbj7,Gj7
878,Abj7,Cbj7
879,Bbj7,D7
880,Gbj7,Cj7
881,Abj7,Dbj7
882,Bbj7,Dbj7
883,Gbj7,Cbj7
884,Abj7,Cbj7
885,Bbj7,F7
886,Gbj7,Cbj7
887,Abj7,Abj7
888,Bbj7,Fm7b5
889,Gbj7,Ebj7
890,Gj7,Bb7
891,Bb-7,F-7
892,Eb7,A-7
893,Gj7,Abj7
894,Cb-7,Cb-7
895,E79b,E7
896,A-7,A-7
897,E79b,E7
898,A-7,A-7
899,Eb7,Eb7
900,Gm7b5,Bb7
901,F-,C79b
902,Bb-6,Bb-6
903,F-,F-
904,Gm7b5,Gm7b5
905,C7,C79b
906,F-,F-
907,Gm7b5,Gm7b5
908,F-,F-
909,Bb-6,Bb-6
910,F-,F-
911,Gm7b5,C7
912,F-,C79b
913,F-7,Bb-6
914,Gm7b5,Gm7b5
915,F-,F-
916,Bb-6,Bb-6
917,F-,F-
918,Gm7b5,C7
919,C7,C79b
920,F-,F-
921,Gm7b5,Gm7b5
922,F-,F-
923,Bb-6,Bb-6
924,F-,F-
925,Gm7b5,C7
926,F-,C79b
927,F-7,Bb-6
928,Bb7,Gm7b5
929,Ebj7,F-
930,Eb-7,Gm7b5
931,Ab7,Ab7
932,Dbj7,Dbj7
933,Gm7b5,Gm7b5
934,C79b,C79b
935,F-7,F-
936,Gm7b5,Gm7b5
937,F-,F-
938,Bb-6,Bb-6
939,F-,F-
940,Gm7b5,Gm7b5
941,C7,C79b
942,F-,F-
943,Gm7b5,Gm7b5
944,F-,F-
945,Bb-6,Bb-6
946,F-,F-
947,C7,C7
948,F-,F-
949,F-7,F-7
950,Gm7b5,Bb7
951,F-,F-
952,Bb-6,Bb-6
953,F-,F-
954,Gm7b5,Gm7b5
955,C7,C79b
956,F-,F-
957,Gm7b5,Gm7b5
958,F-,F-
959,Bb-6,Bb-6
960,F-,F-
961,Gm7b5,C7
962,F-,C79b
963,F-7,Bb-6
964,Gm7b5,Gm7b5
965,F-,F-
966,Bb-6,Bb-6
967,F-,F-
968,Gm7b5,C7
969,C7,C79b
970,F-,F-
971,Gm7b5,Gm7b5
972,F-,F-
973,Bb-6,Bb-6
974,F-,F-
975,Gm7b5,C7
976,F-,C79b
977,F-7,Bb-6
978,Bb7,Gm7b5
979,Ebj7,F-
980,Eb-7,Gm7b5
981,Ab7,Ab7
982,Dbj7,Dbj7
983,Gm7b5,Gm7b5
984,C79b,C79b
985,F-7,F-
986,Gm7b5,Gm7b5
987,F-,F-
988,Bb-6,Bb-6
989,F-,F-
990,Gm7b5,Gm7b5
991,C7,C79b
992,F-,F-
993,Gm7b5,Gm7b5
994,F-,F-
995,Bb-6,Bb-6
996,F-,F-
997,C7,C7
998,F-,F-
999,Abj7,Bb7
1000,Bb-7,F-7
1001,Eb7,Eb7
1002,Abj7,Abj7
1003,F-7,Bb-7
1004,Bb-7,Bb-7
1005,Eb7,Bb-7
1006,C-7,Ab6
1007,F7,F7
1008,Bb-7,Bb7
1009,Eb7,Eb7
1010,Abj7,Abj7
1011,F-7,Db7
1012,Bb-7,Bb7
1013,D-7,Bb-7
1014,G7,Bb-7
1015,Cj7,C-7
1016,A-7,F-7
1017,D-7,Abj7
1018,G7,G7
1019,E-7,Cj7
1020,A-7,A7
1021,D-7,D7
1022,G7,G7
1023,C-7,C-7
1024,F7,F7
1025,Bb-7,Bb7
1026,Eb7,Eb7
1027,Abj7,Abj7
1028,F-7,Ab-7
1029,Bb-7,Bb7
1030,Eb7,Bb-7
1031,Abj7,Abj7
1032,Bb-7,Bb-7
1033,Eb7,Eb7
1034,Abj7,Abj7
1035,F-7,A-7
1036,Bb-7,Bb7
1037,Eb7,Eb7
1038,C-7,Abj7
1039,F7,F7
1040,Bb-7,Bb-7
1041,Eb7,Eb7
1042,Abj7,Abj7
1043,F-7,Db7
1044,Bb-7,Bb7
1045,D-7,Bb-7
1046,G7,G7
1047,Cj7,C-7
1048,A-7,Ebj7
1049,D-7,Abj7
1050,G7,G7
1051,E-7,G-7
1052,A-7,A7
1053,D-7,D-7
1054,G7,G7
1055,C-7,Cj7
1056,F7,F7
1057,Bb-7,Bb7
1058,Eb7,Eb7
1059,Abj7,Ab6
1060,F-7,Ab-7
1061,Bb-7,Bb7
1062,Bb7,Bb7
1063,Eb,Eb7
1064,Bb7,Bb7
1065,Eb,Eb7
1066,C7,Bb7
1067,F-7,F7
1068,Ab-7,Bb7
1069,Eb,Db7
1070,C7,C7
1071,F-7,F-7
1072,Bb7,Bb7
1073,Eb,Eb
1074,Ab,Ab7
1075,Dbj7,Dbj7
1076,F-7,Bb-7
1077,E-7,Bb-7
1078,Eb-7,Eb-7
1079,Ab7,F7
1080,Dbj7,Dbj7
1081,Bb-7,Bb-7
1082,Eb7,Eb-7
1083,Bb-7,Eb-7
1084,Eb-7,Eb-7
1085,Ab7,Ab7
1086,Db-7,Db
1087,Gb7,Gb7
1088,G-7,Cbj7
1089,C7,C7
1090,Gb-7,Gb-7
1091,Cb7,Cb7
1092,F-7,F-7
1093,Bb7,Bb7
1094,E-7,E-7
1095,A7,A7
1096,Eb-7,Eb-7
1097,Ab7,Ab7
1098,Cb7,Cb7
1099,Bb7,Bb7
1100,Eb7,Eb7
1101,D7,D7
1102,Dbj7,Dbj7
1103,Eb7,Eb7
1104,Eb-7,Eb-7
1105,Ab7,Ab7
1106,Bb7,D7
1107,Eb-7,Eb-7
1108,Bb79b,Ab7
1109,Eb-7,Eb-7
1110,D7,D7
1111,Dbj7,Dbj7
1112,Gb7,Gb7
1113,F-7,F-7
1114,Eo,Eo
1115,Eb-7,Eb-7
1116,Cm7b5,Cm7b5
1117,F7,F7
1118,Bb-7,Bb-7
1119,Eb7,Eb7
1120,Eb-7,Eb-7
1121,Ab7,Ab7
1122,Db6,Db6
1123,Bb7,Bb7
1124,Eb-7,Eb-7
1125,Bb79b,Bb79b
1126,Eb-7,Eb-7
1127,D7,D7
1128,Dbj7,Dbj7
1129,Gb7,Gb7
1130,F-7,F-7
1131,Eo,Eo
1132,Eb-7,Eb-7
1133,Cm7b5,Cm7b5
1134,F7,F7
1135,Bb-7,Bb-7
1136,Eb7,Eb7
1137,Eb-7,Eb-7
1138,Ab7,Ab7
1139,Db,Db6
1140,A7,A7
1141,Dj7,Dj7
1142,E-7,E-7
1143,D,D
1144,G-7,G-7
1145,C7,C7
1146,Gb-7,Gb-7
1147,Cb-7,Cb-7
1148,E-7,E-7
1149,A7,A7
1150,Dj7,Dj7
1151,D-7,D-7
1152,G7,G7
1153,Cj7,Cj7
1154,Ebo,Ebo
1155,D-7,D-7
1156,G7,G7
1157,C7,C7
1158,Cb7,Cb7
1159,Bb7,Bb7
1160,Eb-7,Eb-7
1161,Bb79b,Bb79b
1162,Eb-7,Eb-7
1163,D7,D7
1164,Dbj7,Dbj7
1165,Gb7,Gb7
1166,F-7,F-7
1167,Eo,Eo
1168,Eb-7,Eb-7
1169,Cm7b5,Cm7b5
1170,F7,F7
1171,Bb-7,Bb-7
1172,Eb7,Eb7
1173,Eb-7,Eb-7
1174,Ab7,Ab7
1175,Db6,Db6
1176,Bb7,Bb7
1177,Eb-7,Eb-7
1178,Bb79b,Bb79b
1179,Eb-7,Eb-7
1180,D7,D7
1181,Dbj7,Dbj7
1182,Gb7,Gb7
1183,F-7,F-7
1184,Eo,Eo
1185,Eb-7,Eb-7
1186,Cm7b5,Cm7b5
1187,F7,F7
1188,Bb-7,Bb-7
1189,Eb7,Eb7
1190,Eb-7,Eb-7
1191,Ab7,Ab7
1192,Db6,Db6
1193,Bb7,Bb7
1194,Eb-7,Eb-7
1195,Bb79b,Bb79b
1196,Eb-7,Eb-7
1197,D7,D7
1198,Dbj7,Dbj7
1199,Gb7,Gb7
1200,F-7,F-7
1201,Eo,Eo
1202,Eb-7,Eb-7
1203,Cm7b5,Cm7b5
1204,F7,F7
1205,Bb-7,Bb-7
1206,Eb7,Eb7
1207,Eb-7,Eb-7
1208,Ab7,Ab7
1209,Db,Db6
1210,A7,Bb7
1211,Dj7,Dj7
1212,E-7,E-7
1213,D,D
1214,G-7,G-7
1215,C7,C7
1216,Gb-7,Gb-7
1217,Cb-7,Cb-7
1218,E-7,E-7
1219,A7,A7
1220,Dj7,Dj7
1221,D7,D-7
1222,G7,G7
1223,Cj7,Cj7
1224,Ebo,C-7
1225,D-7,D-7
1226,G7,G7
1227,C7,C7
1228,Cb7,Cb7
1229,Bb7,Bb7
1230,Eb-7,Eb-7
1231,Bb79b,Bb79b
1232,Eb-7,Eb-7
1233,D7,D7
1234,Dbj7,Dbj7
1235,Gb7,Gb7
1236,F-7,F-7
1237,Eo,Eo
1238,Eb-7,Eb-7
1239,Cm7b5,Cm7b5
1240,F7,F7
1241,Bb-7,Bb-7
1242,Eb7,Eb7
1243,Eb-7,Eb-7
1244,Ab7,Ab7
1245,Db6,Db6
1246,F6,Bb7
1247,Abo,Bb7
1248,G-7,G-7
1249,C7,C7
1250,G-7,F6
1251,G-,C7
1252,Gm7b5,C7
1253,C7,A79b
1254,F6,F6
1255,E7,F7
1256,A7,Bb6
1257,D-7,D-7
1258,Cbm7b5,G-7
1259,E7,E7
1260,A-7,Aj7
1261,Fm7b5,D7
1262,F-7,G-7
1263,E-7,Bb7
1264,A7,A7
1265,D-7,D-7
1266,G7,G7
1267,C7,C6
1268,G-7,F7
1269,C7,C7
1270,F6,F6
1271,Abo,F7
1272,G-7,G-7
1273,C7,C7
1274,G-7,F6
1275,Gm7b5,C7
1276,C7,C7
1277,F6,F6
1278,D-7,F7
1279,C-7,G-7
1280,F7,F7
1281,Bbj7,Bbj7
1282,Em7b5,A-7
1283,A79b,A79b
1284,D-7,D-7
1285,Cbm7b5,Cbm7b5
1286,Bb-7,E7
1287,A-7,A7
1288,D7,D7
1289,G-7,G-7
1290,C79b,C7
1291,A-7,Fj7
1292,D7,D7
1293,G-7,G-7
1294,C7,C7
1295,G-7,Em7b5
1296,C7,C7
1297,Fj7,A-7
1298,Bb-7,G-7
1299,Eb7,Eb7
1300,D7,Abj7
1301,G-7,G7
1302,C7,C7
1303,F,Fj7
1304,Ab-7,G-7
1305,Db7,G-7
1306,Gbj7,Cj7
1307,Ab-7,G-7
1308,Db7,C7
1309,Gbj7,Cj7
1310,Cb-7,Go
1311,E7,Bb7
1312,Bb-7,Fj7
1313,A7,C-7
1314,Ab-7,A-7
1315,Db7,G7
1316,Gb,G-7
1317,A-7,Csus7
1318,D7,D7
1319,Gj7,Cb-7
1320,G-7,G7
1321,C7,C7
1322,Fj7,Fj7
1323,F-7,Bb7
1324,Bb7,Bb7
1325,Ebj7,Ebj7
1326,Ab-7,Bb-7
1327,Db7,Db7
1328,Gbj7,Gbj7
1329,G-7,Go
1330,C7,C7
1331,Fj7,Fj7
1332,G-7,F-7
1333,C7,C7
1334,Fj7,Fj7
1335,Bb-7,G-7
1336,Eb7,Eb7
1337,A-7,Abj7
1338,D7,D7
1339,G-7,G7
1340,C7,Csus7
1341,F,G-7
1342,G-7,Bbj7
1343,C7,C7
1344,Fj7,G-7
1345,G-7,Bb7
1346,C7,C7
1347,Fj7,F6
1348,Bb-7,G-7
1349,Eb7,Eb7
1350,A-7,Abj7
1351,D7,D7
1352,G-7,G7
1353,C7,Csus7
1354,F,G-7
1355,Ab-7,Bbj7
1356,Db7,G-7
1357,Gbj7,Cj7
1358,Ab-7,F-7
1359,Db7,Db7
1360,Gbj7,Cj7
1361,Cb-7,C-7
1362,E7,Bb7
1363,Bb-7,Fj7
1364,A7,C7
1365,Ab-7,Ebj7
1366,Db7,G7
1367,Gb,G-7
1368,A-7,G-7
1369,D7,C7
1370,Gj7,G7
1371,G-7,G7
1372,C7,C7
1373,Fj7,Fj7
1374,F-7,Bb7
1375,Bb7,Bb7
1376,Ebj7,Ebj7
1377,Ab-7,Eo
1378,Db7,Db7
1379,Gbj7,Gbj7
1380,G-7,Go
1381,C7,C7
1382,Fj7,Fj7
1383,G-7,F-7
1384,C7,C7
1385,Fj7,A-7
1386,Bb-7,G-7
1387,Eb7,Eb7
1388,A-7,Abj7
1389,D7,D7
1390,G-7,G-7
1391,C7,Csus7
1392,F,F6
1393,G-7,Bbj7
1394,C7,C-7
1395,F,Fj7
1396,A-,F-7
1397,Abj7,D7
1398,Gj7,G-7
1399,E79b,G-7
1400,A-,A-7
1401,D-,C7
1402,D7,G7
1403,G-,G-7
1404,C79b,C7
1405,F,Fj7
1406,A-,A-7
1407,Abj7,D7
1408,Gj7,Dbj7
1409,C7,G-7
1410,F,G-7
1411,C,G-7
1412,F,F7
1413,A-,A-
1414,C79b,C7
1415,Fj7,Fj7
1416,G-7,G-7
1417,C7,C7
1418,Fj7,Fj7
1419,Gm7b5,G-7
1420,C79b,C79b
1421,Fj7,F6
1422,Cb-7,G-7
1423,E7,C7
1424,Aj7,A7
1425,Cb-7,D7
1426,E7,E7
1427,Aj7,Aj7
1428,G-7,G-7
1429,C7,C7
1430,Fj7,Fj7
1431,Am7b5,Db7
1432,D79b,D7
1433,G7,G7
1434,C7,G-7
1435,Gm7b5,Am7b5
1436,C79b,C79b
1437,Fj7,F6
1438,Am7b5,F7
1439,D7,D7
1440,G7,G7
1441,G-7,G-7
1442,C7,C7
1443,F6,F6
1444,Gm7b5,F7
1445,C79b,C7
1446,Fj7,F6
1447,G-7,Abo
1448,C7,C7
1449,Fj7,F
1450,Gm7b5,G-7
1451,C79b,C7
1452,Fj7,F6
1453,Cb-7,G-7
1454,E7,C7
1455,Aj7,A7
1456,Cb-7,D7
1457,E7,E7
1458,Aj7,Aj7
1459,G-7,G-7
1460,C7,C7
1461,Fj7,F6
1462,Am7b5,G-7
1463,D79b,D7
1464,G7,G7
1465,C7,C7
1466,Gm7b5,G-7
1467,C79b,C7
1468,Fj7,F6
1469,Am7b5,Abo
1470,D7,D7
1471,G7,G7
1472,G-7,C7
1473,C7,C7
1474,F6,F7
1475,Gm7b5,F7
1476,F-,Bb7
1477,F-7,Bb7
1478,F-6,Bb7
1479,Dbj7,Dbj7
1480,Bb-7,Gm7b5
1481,Gm7b5,Gm7b5
1482,C79b,C79b
1483,F-,F-
1484,F-7,F-7
1485,F-6,F-6
1486,Dbj7,Dbj7
1487,Bb-7,Bb-7
1488,Eb7,Db-6
1489,Abj7,Ab6
1490,Bb-7,Eb-7
1491,C-7,Eb7
1492,Bb-7,Bb-7
1493,Abj7,Abj7
1494,Bb-7,Bb-7
1495,C-7,C-7
1496,Bb-7,Bb-7
1497,Abj7,Abj7
1498,C7,Bb-7
1499,F-7,F-7
1500,Eb-7,Eb-7
1501,D7,Dbj7
1502,Dbj7,Dbj7
1503,Gm7b5,Gm7b5
1504,C7,C79b
1505,F-,F-
1506,F-7,F-7
1507,F-6,F-6
1508,Dbj7,Dbj7
1509,Gm7b5,Gm7b5
1510,C79b,C79b
1511,F-7,F-
1512,E7,Eb-7
1513,Eb-7,Eb-7
1514,Ab7,Ab7
1515,Dbj7,Dbj7
1516,Bb-7,Bb-7
1517,Eb7,Eb7
1518,Ab6,Eb-7
1519,Gm7b5,Gm7b5
1520,C7,C7
1521,F-,F-
1522,F-7,Gm7b5
1523,F-6,F-6
1524,Dbj7,Dbj7
1525,Bb-7,Gm7b5
1526,Gm7b5,Gm7b5
1527,C79b,C79b
1528,F-,F-
1529,F-7,F-7
1530,F-6,F-6
1531,Dbj7,Dbj7
1532,Bb-7,Bb-7
1533,Eb7,Db-6
1534,Abj7,Eb79b
1535,Bb-7,Gm7b5
1536,C-7,Eb7
1537,Bb-7,Bb-7
1538,Abj7,Abj7
1539,Bb-7,Bb-7
1540,C-7,C-7
1541,Bb-7,Bb-7
1542,Abj7,Abj7
1543,C7,C7
1544,F-7,F-7
1545,Eb-7,Eb-7
1546,D7,D7
1547,Dbj7,Dbj7
1548,Gm7b5,Gm7b5
1549,C79b,C79b
1550,F-,F-
1551,F-7,F-7
1552,F-6,F-6
1553,Dbj7,Dbj7
1554,Gm7b5,Gm7b5
1555,C79b,C79b
1556,F-7,F-
1557,E7,Eb-7
1558,Eb-7,Eb-7
1559,Ab7,Ab7
1560,Dbj7,Dbj7
1561,Bb-7,Bb-7
1562,Eb7,Eb7
1563,Ab6,Ab6
1564,Gm7b5,Gm7b5
1565,C7,C7
1566,Bb7,Bb7
1567,Eb,Ebj7
1568,Eo,Ab7
1569,F-7,F-7
1570,D7,Bb7
1571,Eb6,Ebj7
1572,C-7,F-7
1573,F7,F-
1574,Eb6,Bb-
1575,C-7,F-7
1576,G-7,Eb
1577,C7,C7
1578,F7,F-7
1579,Bb7,F-7
1580,Eb6,F-7
1581,F-7,Bb7
1582,Bb7,Bb7
1583,Eb6,Eb
1584,Eo,C-7
1585,F-7,F-7
1586,D7,Bb7
1587,Eb6,Ebj7
1588,C-7,D-7
1589,F7,F-
1590,Eb6,Bb-
1591,C-7,F-7
1592,G-7,Eb
1593,C7,C7
1594,F7,F-7
1595,Bb7,F-7
1596,Eb6,F-7
1597,G7,C7
1598,C-7,Eb
1599,F-7,F7
1600,C-7,Bb
1601,F7,Eb
1602,C-7,G7
1603,F7,G7
1604,G-7,C-7
1605,Gb-7,C-7
1606,F-7,F7
1607,Bb7,Bb7
1608,Eb6,Ebj7
1609,Eo,Eo
1610,F-7,F-7
1611,D7,Bb7
1612,Eb6,Eb
1613,C-7,F-7
1614,F7,F-7
1615,Eb6,Bb-
1616,C-7,D7
1617,G-7,Eb
1618,C7,C-7
1619,F7,F-7
1620,Bb7,F-7
1621,Eb6,G7
1622,F-7,Bb7
1623,Bb7,Bb7
1624,Bb7,F-7
1625,Eb7,Eb7
1626,Bb7,Bb7
1627,G7,C-7
1628,C-7,Bb7
1629,F7,F7
1630,Bb7,Bb7
1631,F7,Eb7
1632,Bb7,Bb7
1633,Eb7,Eb7
1634,Bb7,Bb7
1635,G7,Eb7
1636,C-7,Bb7
1637,F7,F7
1638,Bb7,Bb7
1639,D7,Eb7
1640,G7,G7
1641,C7,C7
1642,F7,F7
1643,Bb7,Bb7
1644,Eb7,F7
1645,Bb7,Bb7
1646,G7,Eb7
1647,C-7,Bb7
1648,F7,F7
1649,Dj7,Bb7
1650,E-7,E-7
1651,D,D
1652,G-7,G-7
1653,C7,C7
1654,Gb-7,Gb-7
1655,Cb-7,Cb-7
1656,E-7,E-7
1657,A7,A7
1658,Dj7,Dj7
1659,D-7,D-7
1660,G7,G7
1661,Cj7,Cj7
1662,Ebo,Ebo
1663,D-7,D-7
1664,G7,G7
1665,C7,C7
1666,Cb7,Cb7
1667,Bb7,Bb7
1668,Eb-7,Eb-7
1669,C-7,F-7
1670,Db7,F-7
1671,Eb7,Gbj7
1672,Abj7,A-7
1673,C-7,G7
1674,Db7,F7
1675,Eb7,C-7
1676,F-7,Ab7
1677,Db7,Bb7
1678,G7,Ebj7
1679,D7,F-7
1680,Abj7,G7
1681,C-7,Gb7
1682,Db7,F7
1683,Eb7,C-7
1684,Abj7,Abj7
1685,C-7,G7
1686,Db7,F7
1687,Eb7,C-7
1688,F-7,Abj7
1689,Db7,Bb7
1690,G7,Ebj7
1691,D7,Gb7
1692,Abj7,G7
1693,C-7,Gb7
1694,Db7,F7
1695,Eb7,C-7
1696,Abj7,D7
1697,C-7,G7
1698,Db7,F7
1699,Eb7,C-7
1700,F-7,Abj7
1701,Db7,Bb7
1702,G7,Ebj7
1703,D7,Db7
1704,G7,Db7
1705,C7,C7
1706,F7,F7
1707,Bb7,Bb7
1708,A7,Bb-7
1709,Ab7,Ab7
1710,Db7,F7
1711,Gb7,Ab7
1712,F7,Cbj7
1713,Bb7,E7
1714,A7,Eb7
1715,Ab7,D7
1716,G7,F7
1717,Gb7,Ab7
1718,F7,F7
1719,E7,F7
1720,Eb7,Eb7
1721,Ab7,D7
1722,G7,Db7
1723,Gb7,Gb7
1724,F7,Cbj7
1725,Bb7,F7
1726,A7,Eb7
1727,Ab7,Ab7
1728,Db7,Db7
1729,Gb7,Ab7
1730,Cb7,F7
1731,E7,E7
1732,A7,Eb7
1733,D7,D7
1734,G7,G7
1735,C7,Gb7
1736,F7,F7
1737,Bb7,Bb7
1738,A7,Eb7
1739,Ab7,Ab7
1740,Db7,Dbj7
1741,Gb7,Ab7
1742,F7,Go
1743,Bb7,E7
1744,A7,Eb7
1745,Ab7,D7
1746,Db7,F7
1747,Gb7,Gb7
1748,Db7,F7
1749,C7,C7
1750,Cb7,F7
1751,Bb7,E7
1752,A7,Eb7
1753,Ab7,D7
1754,G7,Db7
1755,Gb7,Ab7
1756,Cb7,Cbj7
1757,Bb7,F7
1758,A7,Eb7
1759,Ab7,Aj7
1760,G7,F7
1761,Gb7,Db7
1762,F7,Cbj7
1763,E7,F7
1764,Bb-7,Eb7
1765,Eb7,Eb7
1766,Bb-7,A-7
1767,Eb7,Ab7
1768,Bb-7,Abj7
1769,Eb7,Ab7
1770,Ab,Ab7
1771,D7,G7
1772,G7,Gj7
1773,C7,Gb7
1774,F7,F7
1775,Bb7,Bb7
1776,A7,Bb-7
1777,Ab7,Ab7
1778,Db7,Db7
1779,Gb7,Ab7
1780,F7,Cbj7
1781,Bb7,E7
1782,A7,Eb7
1783,Ab7,D7
1784,G7,F7
1785,Gb7,F7
1786,F7,F7
1787,E7,F7
1788,Eb7,Eb7
1789,Ab7,D7
1790,G7,G7
1791,Gb7,Gb7
1792,F7,F7
1793,Bb7,F7
1794,A7,Eb7
1795,Ab7,Ab7
1796,Db7,F7
1797,Gb7,Gb7
1798,Cb7,F7
1799,E7,E7
1800,A7,Eb7
1801,D7,D7
1802,G7,G7
1803,C7,Gb7
1804,F7,F7
1805,Bb7,Bb7
1806,A7,Eb7
1807,Ab7,Ab7
1808,Db7,Dbj7
1809,Gb7,Ab7
1810,F7,Go
1811,Bb7,E7
1812,A7,Eb7
1813,Ab7,D7
1814,Db7,F7
1815,Gb7,Ab7
1816,Db7,Eb7
1817,C7,C7
1818,Cb7,F7
1819,Bb7,Bb7
1820,A7,Eb7
1821,Ab7,Ab7
1822,G7,Db7
1823,Gb7,Ab7
1824,Cb7,Cbj7
1825,Bb7,E7
1826,A7,Eb7
1827,Ab7,D7
1828,G7,F7
1829,Gb7,Db7
1830,F7,Cj7
1831,E7,F7
1832,Bb-7,Eb7
1833,Eb7,Eb7
1834,Bb-7,A-7
1835,Eb7,Ab7
1836,Bb-7,Abj7
1837,Eb7,Ab7
1838,Ab,Abj7
1839,D7,Db7
1840,G7,G7
1841,C7,C-6
1842,F7,F7
1843,Bb7,Bb7
1844,A7,Eb7
1845,Ab7,Ab7
1846,Db7,Db7
1847,Gb7,Ab7
1848,F7,Cbj7
1849,Bb7,E7
1850,A7,Eb7
1851,Ab7,D7
1852,G7,F7
1853,Gb7,Ab7
1854,F7,F7
1855,E7,F7
1856,Eb7,Eb7
1857,Ab7,D7
1858,G7,Dbj7
1859,Gb7,Gb7
1860,F7,Ab7
1861,Bb7,E7
1862,A7,Eb7
1863,Ab7,D7
1864,Db7,F7
1865,Gb7,Ab7
1866,Cb7,F7
1867,E7,E7
1868,A7,Eb7
1869,D7,D7
1870,G7,G7
1871,C7,C7
1872,F7,F7
1873,Bb7,Bb7
1874,A7,Eb7
1875,Ab7,Ab7
1876,Db7,Ab7
1877,Gb7,Ab7
1878,F7,Go
1879,Bb7,E7
1880,A7,Eb7
1881,Ab7,D7
1882,Db7,F7
1883,Gb7,Ab7
1884,Db7,Eb7
1885,C7,C7
1886,Cb7,F7
1887,Bb7,E7
1888,A7,Eb7
1889,Ab7,Ab7
1890,G7,G7
1891,Gb7,Ab7
1892,Cb7,Cbj7
1893,Bb7,E7
1894,A7,Eb7
1895,Ab7,Aj7
1896,G7,F7
1897,Gb7,Db7
1898,F7,Cj7
1899,E7,F7
1900,Bb-7,Eb7
1901,Eb7,Eb7
1902,Bb-7,A-7
1903,Eb7,Ab7
1904,Bb-7,Abj7
1905,Eb7,Ab7
1906,Ab,Ab7
1907,D7,Db7
1908,Am7b5,F7
1909,Abj7,D7
1910,Am7b5,G-7
1911,D7,D79b
1912,Dm7b5,G-7
1913,G7,G7
1914,C-7,C-7
1915,Am7b5,Dm7b5
1916,Abj7,D7
1917,Dm7b5,G7
1918,G+,G7
1919,C-7,C-7
1920,G7,F7
1921,C-7,C-
1922,Am7b5,Dm7b5
1923,Abj7,D7
1924,Am7b5,G7
1925,D7,D79b
1926,Dm7b5,G-7
1927,G7,G7
1928,C-7,C-7
1929,Am7b5,G7
1930,Abj7,D7
1931,Dm7b5,G7
1932,G+,G7
1933,C-7,C-7
1934,Dm7b5,F7
1935,G7,G7
1936,C-7,C-7
1937,Am7b5,Dm7b5
1938,D7,D7
1939,G7,G7
1940,C-7,G7
1941,Am7b5,F7
1942,D7,D7
1943,Dm7b5,G7
1944,G7,G7
1945,Dm7b5,C-7
1946,G7,G7
1947,C-7,C-
1948,Am7b5,Dm7b5
1949,D7,D7
1950,G+,G7
1951,Eb7,G7
1952,Dm7b5,D7
1953,G+,G7
1954,G7,G7
1955,G+,C-
1956,C-7,G7
1957,Am7b5,F7
1958,Abj7,D7
1959,Am7b5,G7
1960,D7,D79b
1961,Dm7b5,G-7
1962,G7,G7
1963,C-7,C-7
1964,Am7b5,Eb7
1965,Abj7,D7
1966,Dm7b5,G7
1967,G+,G79b
1968,C-7,C-7
1969,Am7b5,F7
1970,Abj7,Dm7b5
1971,Am7b5,G7
1972,D7,D79b
1973,Dm7b5,G-7
1974,G7,G7
1975,C-7,C-7
1976,Am7b5,Eb7
1977,Abj7,D7
1978,Dm7b5,Dm7b5
1979,G+,G79b
1980,C-7,C-
1981,G7,F7
1982,C-7,Dm7b5
1983,Am7b5,Dm7b5
1984,Abj7,D7
1985,Am7b5,G7
1986,D7,D79b
1987,Dm7b5,G-7
1988,G7,G7
1989,C-7,C-7
1990,Am7b5,G7
1991,Abj7,D7
1992,Dm7b5,G7
1993,G+,G79b
1994,C-7,C-7
1995,Dm7b5,F7
1996,G7,G7
1997,C-7,C-7
1998,Am7b5,Dm7b5
1999,D7,D7
2000,G+,G7
2001,C-7,Am7b5
2002,Am7b5,Ab7
2003,D7,D7
2004,Dm7b5,G7
2005,G7,G7
2006,Dm7b5,C-
2007,G7,A7
2008,C-7,C-
2009,Am7b5,G7
2010,D7,D7
2011,G+,G7
2012,Eb7,G7
2013,Dm7b5,D7
2014,G7,G7
2015,C-7,C-7
2016,G+,G7
2017,C-7,Am7b5
2018,Am7b5,G7
2019,Abj7,D7
2020,Am7b5,G7
2021,D7,D7
2022,Dm7b5,G-7
2023,G7,G7
2024,C-7,C-7
2025,Am7b5,G7
2026,Abj7,D7
2027,Dm7b5,G7
2028,G+,G79b
2029,C-7,C-7
2030,G7,F7
2031,E7,E7
2032,Aj7,A-7
2033,D7,C-7
2034,Aj7,Gj7
2035,D7,G-7
2036,Dbj7,Gj7
2037,Gb7,G-7
2038,Dbj7,Fj7
2039,Gb7,C-7
2040,Cbj7,Fj7
2041,E7,E7
2042,Cbj7,Fj7
2043,E7,E7
2044,Ebj7,Ebj7
2045,Gbj7,E7
2046,Aj7,Dbj7
2047,Cb-7,E7
2048,E7,E7
2049,A-7,A-7
2050,G-7,Ab7
2051,A-7,Cb-7
2052,F-7,G-7
2053,Bb7,Bbj7
2054,G-7,E7
2055,C79b,Gb7
2056,A-7,Fj7
2057,D79b,D-7
2058,G-7,Cb-7
2059,C7,Gb7
2060,F-7,Fj7
2061,E7,Bb7
2062,A-7,A-7
2063,C7,Bb7
2064,F7,F
2065,C7,C7
2066,F7,F7
2067,C7,C7
2068,G7,E-7
2069,F7,C7
2070,C7,E-7
2071,G7,F7
2072,Ab7,Ab7
2073,Eb7,Eb7
2074,Ab7,Ab7
2075,Eb7,Eb7
2076,Bb7,Bb-7
2077,Ab7,Eb7
2078,Eb7,Eb7
2079,Ab7,Bb7
2080,Eb7,Eb7
2081,Ab7,Ab7
2082,Eb7,Eb7
2083,Bb7,Ab7
2084,Ab7,Eb7
2085,Eb7,Eb7
2086,Ab7,Bb7
2087,Eb7,Eb7
2088,Ab7,Ab7
2089,Eb7,Eb7
2090,Bb7,Ab7
2091,Ab7,Eb7
2092,Eb7,Eb7
2093,Ab7,Bb7
2094,Eb7,Eb7
2095,Ab7,Ab7
2096,Eb7,Eb7
2097,Bb7,Ab7
2098,Ab7,Eb7
2099,Eb7,Eb7
2100,Ab7,Ab7
2101,Eb7,Eb7
2102,Ab7,Ab7
2103,Eb7,Eb7
2104,Bb7,Ab7
2105,Ab7,Eb7
2106,G-7,Bb7
2107,C7,C7
2108,F6,G-7
2109,D-7,G-7
2110,G-7,G-7
2111,C7,C7
2112,Fj7,F6
2113,G-7,D-7
2114,C7,C7
2115,F6,F7
2116,G-7,Abo
2117,C7,C7
2118,A-7,F6
2119,D7,Abo
2120,G-7,G-7
2121,C7,C7
2122,Ab6,Fj7
2123,Bb-7,G-7
2124,Eb7,Eb7
2125,Abj7,Ab6
2126,G7,G-7
2127,Cj7,C7
2128,A-7,A-7
2129,D7,G-7
2130,G-7,C7
2131,C7,C7
2132,F6,G-7
2133,D-7,Bb7
2134,G-7,G-7
2135,C7,C7
2136,Fj7,F6
2137,G-7,D-7
2138,C7,C7
2139,F6,F6
2140,G-7,G-7
2141,C7,C7
2142,A-7,F6
2143,D7,D7
2144,G-7,G-7
2145,C7,C7
2146,C-7,G-7
2147,F7,F7
2148,Bbj7,Bb6
2149,Eb7,F7
2150,F6,D-7
2151,D-7,Abo
2152,G-7,G-
2153,C7,C7
2154,F6,F6
2155,G-7,G-7
2156,Bb,Bb7
2157,Db,Eb7
2158,Eb,C-7
2159,Bb,Ab
2160,Gb7,Eb
2161,Ab,Fo
2162,Bb,F7
2163,Db,Eb7
2164,Eb,Ab
2165,Bb,Ab
2166,Gb7,F7
2167,Ab,F-
2168,Bb,C
2169,Bbj7,D7
2170,Dbj7,Eb7
2171,Ebj7,F7
2172,Bbj7,A-7
2173,Bb-7,Bbsus
2174,Fj7,Eb7
2175,Ab-7,E7
2176,Eb,D7
2177,Bb,D7
2178,Ab-,F
2179,Eb-7,G7
2180,D-7,D-7
2181,Eb-7,Eb-7
2182,Bb-7,C7
2183,G7,Eb7
2184,Bb-7,Abj7
2185,G-7,Eb7
2186,Bb-7,D7
2187,G-7,A7
2188,Bb-7,Abj7
2189,G-7,G-7
2190,Bb-7,A-7
2191,G-7,G-7
2192,Bb-7,C7
2193,G-7,G-7
2194,Bb-7,A-7
2195,G-7,A-7
2196,Bb-7,D7
2197,G-7,A7
2198,Bb-7,A-7
2199,G-7,G-7
2200,Bb-7,C7
2201,G-7,G-7
2202,Bb-7,D7
2203,G-7,G-7
2204,Bb-7,C7
2205,G-7,A7
2206,Bb-7,C-7
2207,G-7,G-7
2208,Bb-7,A-7
2209,Eb,F7
2210,C-7,C-7
2211,Eb,Eb
2212,C-7,C-7
2213,Eb,Eb
2214,C-7,C-7
2215,Eb,Eb
2216,F-,F-
2217,Db,Db
2218,F-,F-
2219,Gb7,Gb7
2220,C-7,C-7
2221,Eb,Eb
2222,C-7,C-7
2223,Eb,Eb
2224,C-7,C-7
2225,Eb,Eb
2226,C-7,C-7
2227,Eb,Eb
2228,C-7,C-7
2229,Eb,Eb
2230,C-7,C-7
2231,Eb,Eb
2232,F-,F-
2233,Db,Db
2234,F-,F-
2235,Gb7,Gb7
2236,C-7,C-7
2237,Eb,Eb
2238,C-7,C-7
2239,Eb,Eb
2240,C-7,C-7
2241,Gb7,Gb7
2242,F7,Go
2243,E7,E7
2244,Eb7,Eb7
2245,D7,D7
2246,Db7,Db7
2247,Gb7,Gb7
2248,F7,F7
2249,E7,E7
2250,Eb7,Eb7
2251,D7,D7
2252,D-7,D-7
2253,G7,G7
2254,C7,C7
2255,C-7,C-7
2256,E7,F7
2257,A7,Eb7
2258,Ab7,D7
2259,D7,Db7
2260,Db7,Db7
2261,Gb7,Cj7
2262,F7,F7
2263,E7,E7
2264,Eb7,Eb7
2265,D7,D7
2266,Db7,Db7
2267,Gb7,Gb7
2268,F7,F7
2269,E7,E7
2270,Eb7,Eb7
2271,D7,D7
2272,Db7,D-7
2273,Gb7,Gb7
2274,F7,F7
2275,E7,E7
2276,Eb7,Eb7
2277,D7,D7
2278,D-7,D-7
2279,G7,G7
2280,C7,C7
2281,C-7,C-7
2282,E7,F7
2283,A7,Eb7
2284,Ab7,D7
2285,D7,Db7
2286,Db7,Db7
2287,Gb7,Cj7
2288,F7,F7
2289,E7,E7
2290,Eb7,Eb7
2291,D7,D7
2292,Db7,Db7
2293,Gb7,Gb7
2294,F7,F7
2295,E7,E7
2296,Eb7,Eb7
2297,D7,D7
2298,Db7,D-7
2299,Gb7,Gb7
2300,F7,F7
2301,E7,E7
2302,Eb7,Eb7
2303,D7,D7
2304,D-7,D-7
2305,G7,G7
2306,C7,C7
2307,C-7,C-7
2308,E7,F7
2309,A7,Eb7
2310,Ab7,D7
2311,D7,Db7
2312,Db7,G7
2313,Gb7,Cj7
2314,F7,F7
2315,E7,E7
2316,Eb7,Eb7
2317,D7,D7
2318,Bb7,Bb7
2319,Eb7,Eb7
2320,Em7b5,Bb7
2321,Bb7,Bb7
2322,Eb7,Eb7
2323,Bb7,Bb7
2324,G7,D-7
2325,C-7,C-7
2326,F7,F7
2327,Bb7,Bb7
2328,F7,F7
2329,Cb7,Bb7
2330,G7,Bb7
2331,C-7,Bb7
2332,F7,F7
2333,Bb7,Bb7
2334,A-7,Eb7
2335,D-7,D7
2336,G-7,Ebo
2337,F7,C7
2338,Eb7,C-7
2339,F7,D7
2340,Eb7,Bb7
2341,G7,Fsus7
2342,C-7,C-7
2343,F7,F7
2344,Bb7,Bb
2345,C6,Bb7
2346,F-7,F-7
2347,Bb7,Bb7
2348,E-7,Ebj7
2349,A7,A7
2350,D-7,D-7
2351,G7,G7
2352,Cj7,C6
2353,A-7,D-7
2354,D-7,D-7
2355,G7,G7
2356,Em7b5,Cj7
2357,A7,A7
2358,D-7,D-7
2359,G7,G7
2360,C6,C6
2361,A7,C7
2362,D-7,D-7
2363,G7,G7
2364,C6,C6
2365,F-7,Em7b5
2366,Bb7,Bb7
2367,E-7,Cj7
2368,A7,A7
2369,D-7,D-7
2370,G7,G7
2371,Cj7,Cj7
2372,A-7,D-7
2373,D-7,D-7
2374,G7,G7
2375,Em7b5,E7
2376,A7,A7
2377,D-7,D7
2378,G7,Gsus7
2379,C6,C6
2380,G-7,Em7b5
2381,C7,C7
2382,Fj7,Fj7
2383,E7,E-7
2384,A-7,A7
2385,D7,D7
2386,D-7,G7
2387,Ab7,E7
2388,G7,Fj7
2389,C6,C7
2390,F-7,Em7b5
2391,Bb7,Cj7
2392,A7,Cj7
2393,D-7,Ab7
2394,G7,G7
2395,Cj7,Cj7
2396,A-7,A-7
2397,D-7,D-7
2398,G7,G7
2399,Em7b5,E7
2400,A7,A7
2401,D-7,D7
2402,G7,Gsus7
2403,C6,C6
2404,A7,F7
2405,D-7,D-7
2406,G7,G7
2407,C6,C6
2408,Bb6,Bb7
2409,G7,D7
2410,C-7,C-7
2411,F7,F7
2412,D-7,Bb
2413,G7,G7
2414,C-7,C7
2415,F7,F7
2416,Bbj7,F-7
2417,Bb7,Bb7
2418,Ebj7,Eb7
2419,Eo,Eb-7
2420,D-7,A7
2421,G7,F7
2422,C-7,C-7
2423,F7,F7
2424,Bb6,Bbj7
2425,F7,G7
2426,Bb6,C-7
2427,G7,G7
2428,C-7,C-7
2429,F7,F+
2430,D-7,Bb
2431,G7,G-7
2432,C-7,C-7
2433,F7,F7
2434,Bbj7,F-7
2435,Bb7,Bb7
2436,Ebj7,Eb7
2437,Eo,Eb-7
2438,D-7,D-7
2439,G7,G7
2440,C-7,C-7
2441,F7,F7
2442,Bbj7,Bb6
2443,Bb+,G7
2444,Eb6,G7
2445,C7,G7
2446,F-7,C-7
2447,Bb7,C-7
2448,G-7,Ebj7
2449,C7,C7
2450,F-7,F-7
2451,Bb7,Bb7
2452,Ebj7,Ebj7
2453,Eb7,Eo
2454,Abj7,D-7
2455,Ao,G7
2456,G-7,D7
2457,C7,C7
2458,F-7,G-7
2459,Bb7,Bb7
2460,Eb6,Ebj7
2461,F7,C7
2462,Bb6,Bbj7
2463,G7,G7
2464,C-7,C-7
2465,F7,F7
2466,D-7,Bbj7
2467,G7,G7
2468,C-7,C-7
2469,F7,F7
2470,Bbj7,Bbj7
2471,Bb7,G7
2472,Ebj7,C-7
2473,Eo,Eb-7
2474,D-7,A7
2475,G7,G7
2476,C-7,C-7
2477,F7,F7
2478,Eb,Bb7
2479,F-7,D7
2480,G-7,Eb
2481,F-7,Eb
2482,G-7,C7
2483,F-7,Eb7
2484,Gb-7,G-7
2485,Cb7,Eb
2486,F-7,F-7
2487,Bb7,Bb7
2488,Ebj7,Ebj7
2489,C7,Eb-7
2490,F-7,F-7
2491,Bb7,Bb7
2492,Ebj7,Ebj7
2493,F-7,Eo
2494,G-7,Bb7
2495,F-7,F-7
2496,G-7,Ebj7
2497,F-7,F-7
2498,Gb-7,G-7
2499,Cb7,Db7
2500,F-7,Bb7
2501,Bb7,Bb7
2502,Eb,Ebj7
2503,Db7,A-7
2504,Cb-7,D7
2505,E7,F7
2506,Bb-7,Ebj7
2507,Eb7,Ebj7
2508,Am7b5,G-7
2509,Ab7,F7
2510,G7,F7
2511,C7,Gb7
2512,F7,F-7
2513,Bb7,Bb7
2514,Ebj7,Bb-7
2515,F-7,C-7
2516,G-7,Bb7
2517,F-7,F-7
2518,G-7,Ebj7
2519,F-7,F-7
2520,Gb-7,G-7
2521,Cb7,Bb-7
2522,F-7,F-7
2523,Bb7,Bb7
2524,Eb,Ebj7
2525,C7,Eb-7
2526,F-7,F-7
2527,Bb7,Bb7
2528,Ebj7,Ebj7
2529,F-7,Eo
2530,G-7,Bb7
2531,F-7,C7
2532,G-7,Ebj7
2533,F-7,F-7
2534,Gb-7,Ebj7
2535,Cb7,Db7
2536,F-7,Bb7
2537,Bb7,C-7
2538,Eb,Ebj7
2539,C7,C-7
2540,F-7,F7
2541,Bb7,Bb7
2542,Ebj7,Ebj7
2543,F-7,F-7
2544,G-7,Bb7
2545,F-7,C7
2546,G-7,Ebj7
2547,F-7,F-7
2548,Gb-7,Ebj7
2549,Cb7,Db7
2550,F-7,Bb7
2551,Bb7,D7
2552,Ebj7,Ebj7
2553,Db7,A-7
2554,Cb7,C-7
2555,Bb-7,F-7
2556,Eb7,Eb7
2557,Am7b5,D7
2558,Ab7,D7
2559,G7,F-7
2560,C7,Db7
2561,F7,F7
2562,Bb7,Bb7
2563,Ebj7,F7
2564,F-7,Bb7
2565,G-7,Bb7
2566,F-7,Eb
2567,G-7,Ebj7
2568,F-7,F-7
2569,Gb-7,Ebj7
2570,Cb7,Eb
2571,F-7,F-7
2572,Bb7,Bb7
2573,Ebj7,Ebj7
2574,C7,Eb-7
2575,F-7,F7
2576,Bb7,Bb7
2577,Ebj7,Ebj7
2578,F-7,D-7
2579,G-7,Bb7
2580,F-7,C7
2581,G-7,Ebj7
2582,F-7,F-7
2583,Gb-7,Ebj7
2584,Cb7,F7
2585,F-7,Ebj7
2586,Bb7,Bb7
2587,Ebj7,Ebj7
2588,C7,A-7
2589,F-7,F-7
2590,Bb7,Bb7
2591,Ebj7,Ebj7
2592,F-7,D-7
2593,G-7,Bb7
2594,F-7,C7
2595,G-7,Ebj7
2596,F-7,F-7
2597,Gb-7,G-7
2598,Cb7,F7
2599,F-7,Ebj7
2600,Bb7,Bb7
2601,Ebj7,Ebj7
2602,Db7,Eb-7
2603,C-7,Ebj7
2604,Cb-7,F-7
2605,Bb-7,Bb7
2606,Eb7,Ebj7
2607,Am7b5,Abj7
2608,Ab7,D7
2609,G7,G-7
2610,C7,F-7
2611,F7,F-7
2612,Bb7,Bb7
2613,Ebj7,G-7
2614,F-7,Gm7b5
2615,G-7,Bb7
2616,F-7,Ebj7
2617,G-7,Ebj7
2618,F-7,F-7
2619,Gb-7,Ebj7
2620,Cb7,Bbsus7
2621,F-7,F-7
2622,Bb7,Bb7
2623,Ebj7,Ebj7
2624,C7,Eb-7
2625,F-7,F-7
2626,Bb7,Bb7
2627,Ebj7,Ebj7
